https://stacks.stanford.edu/image/iiif/dn341sd3055%2Fdn341sd3055_00_0001/792,516,1866,105/full/0/default.jpg
https://stacks.stanford.edu/image/iiif/dn341sd3055%2Fdn341sd3055_00_0001/792,599,1866,117/full/0/default.jpg
https://stacks.stanford.edu/image/iiif/dn341sd3055%2Fdn341sd3055_00_0001/792,703,1866,104/full/0/default.jpg
https://stacks.stanford.edu/image/iiif/dn341sd3055%2Fdn341sd3055_00_0001/792,780,1866,127/full/0/default.jpg
https://stacks.stanford.edu/image/iiif/dn341sd3055%2Fdn341sd3055_00_0001/792,903,1866,87/full/0/default.jpg
https://stacks.stanford.edu/image/iiif/dn341sd3055%2Fdn341sd3055_00_0001/792,970,1866,102/full/0/default.jpg
https://stacks.stanford.edu/image/iiif/dn341sd3055%2Fdn341sd3055_00_0001/792,1053,1866,106/full/0/default.jpg
https://stacks.stanford.edu/image/iiif/dn341sd3055%2Fdn341sd3055_00_0001/792,1135,1866,123/full/0/default.jpg
https://stacks.stanford.edu/image/iiif/dn341sd3055%2Fdn341sd3055_00_0001/792,1252,1866,90/full/0/default.jpg
https://stacks.stanford.edu/image/iiif/dn341sd3055%2Fdn341sd3055_00_0001/792,1319,1866,108/full/0/default.jpg
https://stacks.stanford.edu/image/iiif/dn341sd3055%2Fdn341sd3055_00_0001/792,1408,1866,110/full/0/default.jpg
https://stacks.stanford.edu/image/iiif/dn341sd3055%2Fdn341sd3055_00_0001/792,1499,1866,114/full/0/default.jpg
https://stacks.stanford.edu/image/iiif/dn341sd3055%2Fdn341sd3055_00_0001/792,1600,1866,99/full/0/default.jpg
https://stacks.stanford.edu/image/iiif/dn341sd3055%2Fdn341sd3055_00_0001/792,1682,1866,102/full/0/default.jpg
https://stacks.stanford.edu/image/iiif/dn341sd3055%2Fdn341sd3055_00_0001/792,1764,1866,108/full/0/default.jpg
https://stacks.stanford.edu/image/iiif/dn341sd3055%2Fdn341sd3055_00_0001/792,1845,1866,129/full/0/default.jpg
https://stacks.stanford.edu/image/iiif/dn341sd3055%2Fdn341sd3055_00_0001/792,1967,1866,97/full/0/default.jpg
https://stacks.stanford.edu/image/iiif/dn341sd3055%2Fdn341sd3055_00_0001/792,2052,1866,87/full/0/default.jpg
https://stacks.stanford.edu/image/iiif/dn341sd3055%2Fdn341sd3055_00_0001/792,2117,1866,106/full/0/default.jpg
https://stacks.stanford.edu/image/iiif/dn341sd3055%2Fdn341sd3055_00_0001/792,2197,1866,127/full/0/default.jpg
https://stacks.stanford.edu/image/iiif/dn341sd3055%2Fdn341sd3055_00_0001/792,2321,1866,85/full/0/default.jpg
https://stacks.stanford.edu/image/iiif/dn341sd3055%2Fdn341sd3055_00_0001/792,2379,1866,115/full/0/default.jpg
https://stacks.stanford.edu/image/iiif/dn341sd3055%2Fdn341sd3055_00_0001/792,2481,1866,100/full/0/default.jpg
https://stacks.stanford.edu/image/iiif/dn341sd3055%2Fdn341sd3055_00_0001/792,2562,1866,109/full/0/default.jpg
https://stacks.stanford.edu/image/iiif/dn341sd3055%2Fdn341sd3055_00_0001/792,2643,1866,132/full/0/default.jpg
https://stacks.stanford.edu/image/iiif/dn341sd3055%2Fdn341sd3055_00_0001/792,2777,1866,74/full/0/default.jpg
https://stacks.stanford.edu/image/iiif/dn341sd3055%2Fdn341sd3055_00_0001/792,2827,1866,103/full/0/default.jpg
https://stacks.stanford.edu/image/iiif/dn341sd3055%2Fdn341sd3055_00_0001/792,2917,1866,94/full/0/default.jpg
https://stacks.stanford.edu/image/iiif/dn341sd3055%2Fdn341sd3055_00_0001/792,2996,1866,80/full/0/default.jpg
https://stacks.stanford.edu/image/iiif/dn341sd3055%2Fdn341sd3055_00_0001/792,3076,1866,80/full/0/default.jpg
https://stacks.stanford.edu/image/iiif/dn341sd3055%2Fdn341sd3055_00_0002/381,514,1949,102/full/0/default.jpg
https://stacks.stanford.edu/image/iiif/dn341sd3055%2Fdn341sd3055_00_0002/381,598,1949,105/full/0/default.jpg
https://stacks.stanford.edu/image/iiif/dn341sd3055%2Fdn341sd3055_00_0002/381,682,1949,115/full/0/default.jpg
https://stacks.stanford.edu/image/iiif/dn341sd3055%2Fdn341sd3055_00_0002/381,781,1949,108/full/0/default.jpg
https://stacks.stanford.edu/image/iiif/dn341sd3055%2Fdn341sd3055_00_0002/381,870,1949,110/full/0/default.jpg
https://stacks.stanford.edu/image/iiif/dn341sd3055%2Fdn341sd3055_00_0002/381,964,1949,105/full/0/default.jpg
https://stacks.stanford.edu/image/iiif/dn341sd3055%2Fdn341sd3055_00_0002/381,1054,1949,99/full/0/default.jpg
https://stacks.stanford.edu/image/iiif/dn341sd3055%2Fdn341sd3055_00_0002/381,1134,1949,106/full/0/default.jpg
https://stacks.stanford.edu/image/iiif/dn341sd3055%2Fdn341sd3055_00_0002/381,1222,1949,109/full/0/default.jpg
https://stacks.stanford.edu/image/iiif/dn341sd3055%2Fdn341sd3055_00_0002/381,1316,1949,103/full/0/default.jpg
https://stacks.stanford.edu/image/iiif/dn341sd3055%2Fdn341sd3055_00_0002/381,1399,1949,110/full/0/default.jpg
https://stacks.stanford.edu/image/iiif/dn341sd3055%2Fdn341sd3055_00_0002/381,1493,1949,105/full/0/default.jpg
https://stacks.stanford.edu/image/iiif/dn341sd3055%2Fdn341sd3055_00_0002/381,1577,1949,114/full/0/default.jpg
https://stacks.stanford.edu/image/iiif/dn341sd3055%2Fdn341sd3055_00_0002/381,1676,1949,104/full/0/default.jpg
https://stacks.stanford.edu/image/iiif/dn341sd3055%2Fdn341sd3055_00_0002/381,1765,1949,100/full/0/default.jpg
https://stacks.stanford.edu/image/iiif/dn341sd3055%2Fdn341sd3055_00_0002/381,1847,1949,105/full/0/default.jpg
https://stacks.stanford.edu/image/iiif/dn341sd3055%2Fdn341sd3055_00_0002/381,1934,1949,108/full/0/default.jpg
https://stacks.stanford.edu/image/iiif/dn341sd3055%2Fdn341sd3055_00_0002/381,2028,1949,98/full/0/default.jpg
https://stacks.stanford.edu/image/iiif/dn341sd3055%2Fdn341sd3055_00_0002/381,2106,1949,108/full/0/default.jpg
https://stacks.stanford.edu/image/iiif/dn341sd3055%2Fdn341sd3055_00_0002/381,2194,1949,111/full/0/default.jpg
https://stacks.stanford.edu/image/iiif/dn341sd3055%2Fdn341sd3055_00_0002/381,2284,1949,120/full/0/default.jpg
https://stacks.stanford.edu/image/iiif/dn341sd3055%2Fdn341sd3055_00_0002/381,2395,1949,92/full/0/default.jpg
https://stacks.stanford.edu/image/iiif/dn341sd3055%2Fdn341sd3055_00_0002/381,2465,1949,109/full/0/default.jpg
https://stacks.stanford.edu/image/iiif/dn341sd3055%2Fdn341sd3055_00_0002/381,2557,1949,106/full/0/default.jpg
https://stacks.stanford.edu/image/iiif/dn341sd3055%2Fdn341sd3055_00_0002/381,2647,1949,105/full/0/default.jpg
https://stacks.stanford.edu/image/iiif/dn341sd3055%2Fdn341sd3055_00_0002/381,2733,1949,110/full/0/default.jpg
https://stacks.stanford.edu/image/iiif/dn341sd3055%2Fdn341sd3055_00_0002/381,2828,1949,103/full/0/default.jpg
https://stacks.stanford.edu/image/iiif/dn341sd3055%2Fdn341sd3055_00_0002/381,2920,1949,88/full/0/default.jpg
https://stacks.stanford.edu/image/iiif/dn341sd3055%2Fdn341sd3055_00_0002/381,2988,1949,103/full/0/default.jpg
https://stacks.stanford.edu/image/iiif/dn341sd3055%2Fdn341sd3055_00_0002/381,3074,1949,172/full/0/default.jpg
